{"cameraMode":{"drawMode":0,"name":"Shaded","section":"Shading Mode"},"sceneLighting":true,"audioPlay":false,"sceneViewState":{"showFog":true,"showMaterialUpdate":true,"showSkybox":true,"showFlares":true,"showImageEffects":true,"showParticleSystems":true},"in2DMode":false,"pivot":{"x":24.521543502807618,"y":1.3710309267044068,"z":-29.238801956176759},"rotation":{"x":0.0013333418173715473,"y":0.9399477243423462,"z":-0.003663853742182255,"w":0.3412962555885315},"size":40.010372161865237,"orthographic":false}