{"cameraMode":{"drawMode":0,"name":"Shaded","section":"Shading Mode"},"sceneLighting":false,"audioPlay":false,"sceneViewState":{"showFog":true,"showMaterialUpdate":true,"showSkybox":true,"showFlares":true,"showImageEffects":true,"showParticleSystems":true},"in2DMode":false,"pivot":{"x":102.71407318115235,"y":79.59798431396485,"z":144.9892578125},"rotation":{"x":0.376924991607666,"y":0.23068459331989289,"z":-0.09751428663730622,"w":0.8917416334152222},"size":4.088740825653076,"orthographic":false}