{"cameraMode":{"drawMode":0,"name":"Shaded","section":"Shading Mode"},"sceneLighting":true,"audioPlay":false,"sceneViewState":{"showFog":true,"showMaterialUpdate":true,"showSkybox":true,"showFlares":true,"showImageEffects":true,"showParticleSystems":true},"in2DMode":false,"pivot":{"x":31.372394561767579,"y":110.79550170898438,"z":-182.57156372070313},"rotation":{"x":0.35587090253829958,"y":0.5452306270599365,"z":-0.27415192127227785,"w":0.7077572345733643},"size":3.2708981037139894,"orthographic":false}