{"cameraMode":{"drawMode":0,"name":"Shaded","section":"Shading Mode"},"sceneLighting":false,"audioPlay":false,"sceneViewState":{"showFog":true,"showMaterialUpdate":true,"showSkybox":true,"showFlares":true,"showImageEffects":true,"showParticleSystems":true},"in2DMode":false,"pivot":{"x":-9.904179573059082,"y":-2.8667993545532228,"z":-0.6000003814697266},"rotation":{"x":0.09247134625911713,"y":0.9068556427955627,"z":-0.27250829339027407,"w":0.3078981339931488},"size":8.364837646484375,"orthographic":false}