{"cameraMode":{"drawMode":0,"name":"Shaded","section":"Shading Mode"},"sceneLighting":false,"audioPlay":false,"sceneViewState":{"showFog":true,"showMaterialUpdate":true,"showSkybox":true,"showFlares":true,"showImageEffects":true,"showParticleSystems":true},"in2DMode":false,"pivot":{"x":19.113473892211915,"y":111.73407745361328,"z":-182.9108123779297},"rotation":{"x":0.14005406200885774,"y":-0.7187314033508301,"z":0.15161573886871339,"w":0.6639448404312134},"size":5.385570526123047,"orthographic":false}