{"cameraMode":{"drawMode":0,"name":"Shaded","section":"Shading Mode"},"sceneLighting":false,"audioPlay":false,"sceneViewState":{"showFog":true,"showMaterialUpdate":true,"showSkybox":true,"showFlares":true,"showImageEffects":true,"showParticleSystems":true},"in2DMode":false,"pivot":{"x":19.901880264282228,"y":-19.078540802001954,"z":-25.169885635375978},"rotation":{"x":-0.08435714244842529,"y":-0.9137336015701294,"z":0.24846242368221284,"w":-0.310227632522583},"size":40.010372161865237,"orthographic":false}