{"cameraMode":{"drawMode":0,"name":"Shaded","section":"Shading Mode"},"sceneLighting":false,"audioPlay":false,"sceneViewState":{"showFog":true,"showMaterialUpdate":true,"showSkybox":true,"showFlares":true,"showImageEffects":true,"showParticleSystems":true},"in2DMode":false,"pivot":{"x":-75.18313598632813,"y":4.783339977264404,"z":27.3542537689209},"rotation":{"x":0.12418446689844132,"y":0.8552610874176025,"z":-0.4420022964477539,"w":0.24029305577278138},"size":2.462433099746704,"orthographic":false}