{"cameraMode":{"drawMode":0,"name":"Shaded","section":"Shading Mode"},"sceneLighting":true,"audioPlay":false,"sceneViewState":{"showFog":true,"showMaterialUpdate":true,"showSkybox":true,"showFlares":true,"showImageEffects":true,"showParticleSystems":true},"in2DMode":false,"pivot":{"x":-11.806394577026368,"y":-4.4192399978637699,"z":3.1986355781555177},"rotation":{"x":0.13158056139945985,"y":-0.651371419429779,"z":0.11610983312129975,"w":0.7381872534751892},"size":13.856133460998536,"orthographic":false}