{"cameraMode":{"drawMode":0,"name":"Shaded","section":"Shading Mode"},"sceneLighting":false,"audioPlay":false,"sceneViewState":{"showFog":true,"showMaterialUpdate":true,"showSkybox":true,"showFlares":true,"showImageEffects":true,"showParticleSystems":true},"in2DMode":false,"pivot":{"x":34.828773498535159,"y":112.19752502441406,"z":-166.59823608398438},"rotation":{"x":0.29983586072921755,"y":0.2225135862827301,"z":-0.07213596999645233,"w":0.9248689413070679},"size":12.946112632751465,"orthographic":false}