{"cameraMode":{"drawMode":0,"name":"Shaded","section":"Shading Mode"},"sceneLighting":true,"audioPlay":false,"sceneViewState":{"showFog":true,"showMaterialUpdate":true,"showSkybox":true,"showFlares":true,"showImageEffects":true,"showParticleSystems":true},"in2DMode":false,"pivot":{"x":14.626848220825196,"y":111.85099792480469,"z":-182.68594360351563},"rotation":{"x":0.15522755682468415,"y":-0.734383761882782,"z":0.1792462021112442,"w":0.6359684467315674},"size":4.854191780090332,"orthographic":false}