{"cameraMode":{"drawMode":0,"name":"Shaded","section":"Shading Mode"},"sceneLighting":false,"audioPlay":false,"sceneViewState":{"showFog":true,"showMaterialUpdate":true,"showSkybox":true,"showFlares":true,"showImageEffects":true,"showParticleSystems":true},"in2DMode":false,"pivot":{"x":144.38499450683595,"y":105.25619506835938,"z":-121.89987182617188},"rotation":{"x":-0.13398317992687226,"y":-0.6499412059783936,"z":0.11786855757236481,"w":-0.7387367486953735},"size":8.375265121459961,"orthographic":false}