{"cameraMode":{"drawMode":0,"name":"Shaded","section":"Shading Mode"},"sceneLighting":true,"audioPlay":false,"sceneViewState":{"showFog":true,"showMaterialUpdate":true,"showSkybox":true,"showFlares":true,"showImageEffects":true,"showParticleSystems":true},"in2DMode":false,"pivot":{"x":35.06378936767578,"y":109.80126953125,"z":-185.28684997558595},"rotation":{"x":0.6305074691772461,"y":-0.031939003616571429,"z":0.025981580838561059,"w":0.7750905156135559},"size":13.327704429626465,"orthographic":true}