{"cameraMode":{"drawMode":0,"name":"Shaded","section":"Shading Mode"},"sceneLighting":false,"audioPlay":false,"sceneViewState":{"showFog":true,"showMaterialUpdate":true,"showSkybox":true,"showFlares":true,"showImageEffects":true,"showParticleSystems":true},"in2DMode":false,"pivot":{"x":100.33360290527344,"y":79.93971252441406,"z":141.6465606689453},"rotation":{"x":-0.019956063479185106,"y":0.9791098833084106,"z":-0.16303513944149018,"w":-0.11985490471124649},"size":1.6714529991149903,"orthographic":false}