{"cameraMode":{"drawMode":0,"name":"Shaded","section":"Shading Mode"},"sceneLighting":true,"audioPlay":false,"sceneViewState":{"showFog":true,"showMaterialUpdate":true,"showSkybox":true,"showFlares":true,"showImageEffects":true,"showParticleSystems":true},"in2DMode":false,"pivot":{"x":31.05803108215332,"y":100.37721252441406,"z":-198.7129364013672},"rotation":{"x":0.27581876516342165,"y":-0.7226262092590332,"z":0.4194255471229553,"w":0.47520267963409426},"size":23.738906860351564,"orthographic":false}