{"cameraMode":{"drawMode":0,"name":"Shaded","section":"Shading Mode"},"sceneLighting":true,"audioPlay":false,"sceneViewState":{"showFog":true,"showMaterialUpdate":true,"showSkybox":true,"showFlares":true,"showImageEffects":true,"showParticleSystems":true},"in2DMode":false,"pivot":{"x":-17.780960083007814,"y":94.11018371582031,"z":-180.30320739746095},"rotation":{"x":0.2135317474603653,"y":-0.6398288607597351,"z":0.191632941365242,"w":0.7129517197608948},"size":48.0234375,"orthographic":false}