{"cameraMode":{"drawMode":0,"name":"Shaded","section":"Shading Mode"},"sceneLighting":true,"audioPlay":false,"sceneViewState":{"showFog":true,"showMaterialUpdate":true,"showSkybox":true,"showFlares":true,"showImageEffects":true,"showParticleSystems":true},"in2DMode":false,"pivot":{"x":26.950429916381837,"y":113.50772857666016,"z":-179.68775939941407},"rotation":{"x":-0.01846778392791748,"y":0.8605117797851563,"z":-0.5081337690353394,"w":-0.031282681971788409},"size":9.931100845336914,"orthographic":false}