{"cameraMode":{"drawMode":0,"name":"Shaded","section":"Shading Mode"},"sceneLighting":true,"audioPlay":false,"sceneViewState":{"showFog":true,"showMaterialUpdate":true,"showSkybox":true,"showFlares":true,"showImageEffects":true,"showParticleSystems":true},"in2DMode":false,"pivot":{"x":-22.884183883666993,"y":69.93781280517578,"z":-176.3191375732422},"rotation":{"x":0.32034623622894289,"y":-0.5948607921600342,"z":0.2792039215564728,"w":0.68232262134552},"size":58.459434509277347,"orthographic":false}