{"cameraMode":{"drawMode":0,"name":"Shaded","section":"Shading Mode"},"sceneLighting":false,"audioPlay":false,"sceneViewState":{"showFog":true,"showMaterialUpdate":true,"showSkybox":true,"showFlares":true,"showImageEffects":true,"showParticleSystems":true},"in2DMode":false,"pivot":{"x":-0.24613595008850099,"y":1.0409836769104005,"z":-0.4515339136123657},"rotation":{"x":-0.12145650386810303,"y":-0.7178421020507813,"z":0.12951363623142243,"w":-0.6731845140457153},"size":2.7102115154266359,"orthographic":false}