{"cameraMode":{"drawMode":0,"name":"Shaded","section":"Shading Mode"},"sceneLighting":true,"audioPlay":false,"sceneViewState":{"showFog":true,"showMaterialUpdate":true,"showSkybox":true,"showFlares":true,"showImageEffects":true,"showParticleSystems":true},"in2DMode":false,"pivot":{"x":38.5810546875,"y":113.69853973388672,"z":-197.920166015625},"rotation":{"x":0.07209520787000656,"y":0.8318395018577576,"z":-0.5389465689659119,"w":0.11127416789531708},"size":16.01732063293457,"orthographic":true}