{"cameraMode":{"drawMode":0,"name":"Shaded","section":"Shading Mode"},"sceneLighting":true,"audioPlay":false,"sceneViewState":{"showFog":true,"showMaterialUpdate":true,"showSkybox":true,"showFlares":true,"showImageEffects":true,"showParticleSystems":true},"in2DMode":false,"pivot":{"x":36.79618453979492,"y":115.26302337646485,"z":-176.89852905273438},"rotation":{"x":-0.6540272831916809,"y":0.00006881752051413059,"z":-0.0000595083438383881,"w":-0.7564709782600403},"size":33.656375885009769,"orthographic":true}