{"cameraMode":{"drawMode":0,"name":"Shaded","section":"Shading Mode"},"sceneLighting":false,"audioPlay":false,"sceneViewState":{"showFog":true,"showMaterialUpdate":false,"showSkybox":true,"showFlares":true,"showImageEffects":true,"showParticleSystems":true},"in2DMode":false,"pivot":{"x":-2.96722412109375,"y":-0.1793212890625,"z":-7.14013671875},"rotation":{"x":0.13495320081710816,"y":0.6322678923606873,"z":-0.11309760808944702,"w":0.7544758915901184},"size":1.062808632850647,"orthographic":true}