{"cameraMode":{"drawMode":0,"name":"Shaded","section":"Shading Mode"},"sceneLighting":false,"audioPlay":false,"sceneViewState":{"showFog":true,"showMaterialUpdate":true,"showSkybox":true,"showFlares":true,"showImageEffects":true,"showParticleSystems":true},"in2DMode":false,"pivot":{"x":151.04100036621095,"y":103.16563415527344,"z":-107.60102081298828},"rotation":{"x":0.06660514324903488,"y":-0.8973250389099121,"z":0.14527173340320588,"w":0.41142165660858157},"size":20.514129638671876,"orthographic":false}