{"cameraMode":{"drawMode":0,"name":"Shaded","section":"Shading Mode"},"sceneLighting":true,"audioPlay":false,"sceneViewState":{"showFog":true,"showMaterialUpdate":true,"showSkybox":true,"showFlares":true,"showImageEffects":true,"showParticleSystems":true},"in2DMode":false,"pivot":{"x":38.996185302734378,"y":111.10531616210938,"z":-198.8131103515625},"rotation":{"x":-0.09675046801567078,"y":0.9022911787033081,"z":-0.3181626796722412,"w":-0.2743764817714691},"size":6.756750106811523,"orthographic":false}