{"cameraMode":{"drawMode":0,"name":"Shaded","section":"Shading Mode"},"sceneLighting":false,"audioPlay":false,"sceneViewState":{"showFog":true,"showMaterialUpdate":false,"showSkybox":true,"showFlares":true,"showImageEffects":true,"showParticleSystems":true},"in2DMode":false,"pivot":{"x":145.17889404296876,"y":104.7901382446289,"z":-197.86306762695313},"rotation":{"x":0.014674280770123005,"y":0.9370499849319458,"z":-0.039670493453741077,"w":0.3466241955757141},"size":43.749996185302737,"orthographic":false}