{"cameraMode":{"drawMode":0,"name":"Shaded","section":"Shading Mode"},"sceneLighting":true,"audioPlay":false,"sceneViewState":{"showFog":true,"showMaterialUpdate":true,"showSkybox":true,"showFlares":true,"showImageEffects":true,"showParticleSystems":true},"in2DMode":false,"pivot":{"x":37.21375274658203,"y":109.1981201171875,"z":-183.74862670898438},"rotation":{"x":0.27581876516342165,"y":-0.7226262092590332,"z":0.4194255471229553,"w":0.47520267963409426},"size":11.611677169799805,"orthographic":false}