{"cameraMode":{"drawMode":0,"name":"Shaded","section":"Shading Mode"},"sceneLighting":false,"audioPlay":false,"sceneViewState":{"showFog":true,"showMaterialUpdate":true,"showSkybox":true,"showFlares":true,"showImageEffects":true,"showParticleSystems":true},"in2DMode":false,"pivot":{"x":171.4087677001953,"y":100.07904052734375,"z":-116.2970962524414},"rotation":{"x":0.12164638191461563,"y":0.8777891397476196,"z":-0.34400153160095217,"w":0.3104052245616913},"size":2.357311964035034,"orthographic":false}