{"cameraMode":{"drawMode":0,"name":"Shaded","section":"Shading Mode"},"sceneLighting":false,"audioPlay":false,"sceneViewState":{"showFog":true,"showMaterialUpdate":true,"showSkybox":true,"showFlares":true,"showImageEffects":true,"showParticleSystems":true},"in2DMode":false,"pivot":{"x":15.25234317779541,"y":1.8699350357055665,"z":-9.071513175964356},"rotation":{"x":0.22642582654953004,"y":0.7474902868270874,"z":-0.31330713629722597,"w":0.5402112603187561},"size":14.276744842529297,"orthographic":false}