{"cameraMode":{"drawMode":0,"name":"Shaded","section":"Shading Mode"},"sceneLighting":true,"audioPlay":false,"sceneViewState":{"showFog":true,"showMaterialUpdate":true,"showSkybox":true,"showFlares":true,"showImageEffects":true,"showParticleSystems":true},"in2DMode":false,"pivot":{"x":22.557994842529298,"y":105.63873291015625,"z":-193.19064331054688},"rotation":{"x":-0.05921456590294838,"y":0.9407423734664917,"z":-0.24071559309959413,"w":-0.23141609132289887},"size":33.24723434448242,"orthographic":false}