{"cameraMode":{"drawMode":0,"name":"Shaded","section":"Shading Mode"},"sceneLighting":false,"audioPlay":false,"sceneViewState":{"showFog":true,"showMaterialUpdate":true,"showSkybox":true,"showFlares":true,"showImageEffects":true,"showParticleSystems":true},"in2DMode":false,"pivot":{"x":16.403915405273439,"y":109.19561004638672,"z":-175.07350158691407},"rotation":{"x":0.1898559331893921,"y":0.06262252479791641,"z":-0.012141795828938485,"w":0.9797375798225403},"size":8.937687873840332,"orthographic":false}