{"cameraMode":{"drawMode":0,"name":"Shaded","section":"Shading Mode"},"sceneLighting":false,"audioPlay":false,"sceneViewState":{"showFog":true,"showMaterialUpdate":true,"showSkybox":true,"showFlares":true,"showImageEffects":true,"showParticleSystems":true},"in2DMode":false,"pivot":{"x":5.91133451461792,"y":1.049999713897705,"z":-3.128997802734375},"rotation":{"x":0.12527920305728913,"y":-0.6529855728149414,"z":0.11074560135602951,"w":0.7386815547943115},"size":54.97062683105469,"orthographic":false}