{"cameraMode":{"drawMode":0,"name":"Shaded","section":"Shading Mode"},"sceneLighting":false,"audioPlay":false,"sceneViewState":{"showFog":true,"showMaterialUpdate":true,"showSkybox":true,"showFlares":true,"showImageEffects":true,"showParticleSystems":true},"in2DMode":false,"pivot":{"x":16.003572463989259,"y":133.54745483398438,"z":-181.06460571289063},"rotation":{"x":0.3053770363330841,"y":-0.030841965228319169,"z":0.00989797618240118,"w":0.9516804814338684},"size":130.3849334716797,"orthographic":false}