{"cameraMode":{"drawMode":0,"name":"Shaded","section":"Shading Mode"},"sceneLighting":false,"audioPlay":false,"sceneViewState":{"showFog":true,"showMaterialUpdate":true,"showSkybox":true,"showFlares":true,"showImageEffects":true,"showParticleSystems":true},"in2DMode":false,"pivot":{"x":21.540000915527345,"y":14.1899995803833,"z":-48.790000915527347},"rotation":{"x":-0.23251010477542878,"y":0.6998562216758728,"z":-0.26128020882606509,"w":-0.622794508934021},"size":5.193453311920166,"orthographic":false}