{"cameraMode":{"drawMode":0,"name":"Shaded","section":"Shading Mode"},"sceneLighting":false,"audioPlay":false,"sceneViewState":{"showFog":true,"showMaterialUpdate":true,"showSkybox":true,"showFlares":true,"showImageEffects":true,"showParticleSystems":true},"in2DMode":false,"pivot":{"x":0.4644385576248169,"y":-0.11361241340637207,"z":-0.44831156730651858},"rotation":{"x":-0.0022685881704092027,"y":-0.8958184123039246,"z":0.44439104199409487,"w":-0.004570066928863525},"size":3.257361650466919,"orthographic":false}