{"cameraMode":{"drawMode":0,"name":"Shaded","section":"Shading Mode"},"sceneLighting":true,"audioPlay":false,"sceneViewState":{"showFog":true,"showMaterialUpdate":true,"showSkybox":true,"showFlares":true,"showImageEffects":true,"showParticleSystems":true},"in2DMode":false,"pivot":{"x":24.613697052001954,"y":97.97605895996094,"z":-185.5865478515625},"rotation":{"x":-0.1890392154455185,"y":0.8061469793319702,"z":-0.44240158796310427,"w":-0.3444882035255432},"size":22.109107971191408,"orthographic":false}