{"cameraMode":{"drawMode":0,"name":"Shaded","section":"Shading Mode"},"sceneLighting":true,"audioPlay":false,"sceneViewState":{"showFog":true,"showMaterialUpdate":true,"showSkybox":true,"showFlares":true,"showImageEffects":true,"showParticleSystems":true},"in2DMode":false,"pivot":{"x":144.2987823486328,"y":105.35897827148438,"z":-121.90876770019531},"rotation":{"x":-0.21567124128341676,"y":-0.24957367777824403,"z":0.05711464211344719,"w":-0.9423040747642517},"size":4.770630836486816,"orthographic":true}