{"cameraMode":{"drawMode":0,"name":"Shaded","section":"Shading Mode"},"sceneLighting":true,"audioPlay":false,"sceneViewState":{"showFog":true,"showMaterialUpdate":true,"showSkybox":true,"showFlares":true,"showImageEffects":true,"showParticleSystems":true},"in2DMode":false,"pivot":{"x":53.23182678222656,"y":79.28657531738281,"z":-225.10520935058595},"rotation":{"x":0.07851797342300415,"y":0.9153619408607483,"z":-0.32895949482917788,"w":0.21847930550575257},"size":66.9421615600586,"orthographic":false}