{"cameraMode":{"drawMode":0,"name":"Shaded","section":"Shading Mode"},"sceneLighting":true,"audioPlay":false,"sceneViewState":{"showFog":true,"showMaterialUpdate":true,"showSkybox":true,"showFlares":true,"showImageEffects":true,"showParticleSystems":true},"in2DMode":false,"pivot":{"x":27.51937484741211,"y":112.37177276611328,"z":-180.82241821289063},"rotation":{"x":-0.12107542157173157,"y":-0.7323159575462341,"z":0.13507549464702607,"w":-0.6563601493835449},"size":11.695426940917969,"orthographic":false}