{"cameraMode":{"drawMode":0,"name":"Shaded","section":"Shading Mode"},"sceneLighting":true,"audioPlay":false,"sceneViewState":{"showFog":true,"showMaterialUpdate":true,"showSkybox":true,"showFlares":true,"showImageEffects":true,"showParticleSystems":true},"in2DMode":false,"pivot":{"x":23.111572265625,"y":111.4453125,"z":-193.445068359375},"rotation":{"x":0.04096585139632225,"y":0.9512199759483337,"z":-0.2694121301174164,"w":0.1446361094713211},"size":2.318449020385742,"orthographic":true}