{"cameraMode":{"drawMode":0,"name":"Shaded","section":"Shading Mode"},"sceneLighting":false,"audioPlay":false,"sceneViewState":{"showFog":true,"showMaterialUpdate":true,"showSkybox":true,"showFlares":true,"showImageEffects":true,"showParticleSystems":true},"in2DMode":false,"pivot":{"x":-2.772618293762207,"y":4.2227678298950199,"z":-13.738744735717774},"rotation":{"x":0.170135498046875,"y":-0.49868765473365786,"z":0.10047667473554611,"w":0.8439602851867676},"size":13.885455131530762,"orthographic":false}