{"cameraMode":{"drawMode":0,"name":"Shaded","section":"Shading Mode"},"sceneLighting":true,"audioPlay":false,"sceneViewState":{"showFog":true,"showMaterialUpdate":true,"showSkybox":true,"showFlares":true,"showImageEffects":true,"showParticleSystems":true},"in2DMode":false,"pivot":{"x":19.782962799072267,"y":110.18626403808594,"z":-181.9505157470703},"rotation":{"x":0.2889556884765625,"y":0.6149858832359314,"z":-0.2588518559932709,"w":0.6865075826644898},"size":5.749226093292236,"orthographic":false}