{"cameraMode":{"drawMode":0,"name":"Shaded","section":"Shading Mode"},"sceneLighting":false,"audioPlay":false,"sceneViewState":{"showFog":true,"showMaterialUpdate":true,"showSkybox":true,"showFlares":true,"showImageEffects":true,"showParticleSystems":true},"in2DMode":false,"pivot":{"x":41.663604736328128,"y":97.71766662597656,"z":-170.65994262695313},"rotation":{"x":0.3125153183937073,"y":0.42948219180107119,"z":-0.16137517988681794,"w":0.8317675590515137},"size":40.361270904541019,"orthographic":false}