{"cameraMode":{"drawMode":0,"name":"Shaded","section":"Shading Mode"},"sceneLighting":true,"audioPlay":false,"sceneViewState":{"showFog":true,"showMaterialUpdate":true,"showSkybox":true,"showFlares":true,"showImageEffects":true,"showParticleSystems":true},"in2DMode":false,"pivot":{"x":51.742164611816409,"y":69.42863464355469,"z":-206.4344024658203},"rotation":{"x":-0.20228882133960725,"y":-0.7972279191017151,"z":0.41747647523880007,"w":-0.3862903416156769},"size":37.81637954711914,"orthographic":true}