{"cameraMode":{"drawMode":0,"name":"Shaded","section":"Shading Mode"},"sceneLighting":true,"audioPlay":false,"sceneViewState":{"showFog":true,"showMaterialUpdate":true,"showSkybox":true,"showFlares":true,"showImageEffects":true,"showParticleSystems":true},"in2DMode":false,"pivot":{"x":35.74048614501953,"y":105.58784484863281,"z":-193.84414672851563},"rotation":{"x":0.32699182629585268,"y":0.668576717376709,"z":-0.42289668321609499,"w":0.516952633857727},"size":23.932579040527345,"orthographic":true}