{"cameraMode":{"drawMode":0,"name":"Shaded","section":"Shading Mode"},"sceneLighting":false,"audioPlay":false,"sceneViewState":{"showFog":true,"showMaterialUpdate":true,"showSkybox":true,"showFlares":true,"showImageEffects":true,"showParticleSystems":true},"in2DMode":false,"pivot":{"x":36.595088958740237,"y":112.54617309570313,"z":-207.7954559326172},"rotation":{"x":-0.058116961270570758,"y":-0.9305656552314758,"z":0.16933506727218629,"w":-0.31936749815940859},"size":20.403831481933595,"orthographic":false}