{"cameraMode":{"drawMode":0,"name":"Shaded","section":"Shading Mode"},"sceneLighting":true,"audioPlay":false,"sceneViewState":{"showFog":true,"showMaterialUpdate":true,"showSkybox":true,"showFlares":true,"showImageEffects":true,"showParticleSystems":true},"in2DMode":false,"pivot":{"x":25.73151206970215,"y":108.67455291748047,"z":-211.02685546875},"rotation":{"x":0.16020293533802033,"y":-0.8367403745651245,"z":0.3287569284439087,"w":0.40757760405540469},"size":31.28521728515625,"orthographic":false}