{"cameraMode":{"drawMode":0,"name":"Shaded","section":"Shading Mode"},"sceneLighting":false,"audioPlay":false,"sceneViewState":{"showFog":true,"showMaterialUpdate":true,"showSkybox":true,"showFlares":true,"showImageEffects":true,"showParticleSystems":true},"in2DMode":false,"pivot":{"x":-18.406219482421876,"y":105.18301391601563,"z":-224.4632110595703},"rotation":{"x":0.030383234843611718,"y":-0.9418938159942627,"z":0.08871033042669296,"w":0.32255759835243227},"size":62.134891510009769,"orthographic":false}