{"cameraMode":{"drawMode":0,"name":"Shaded","section":"Shading Mode"},"sceneLighting":true,"audioPlay":false,"sceneViewState":{"showFog":true,"showMaterialUpdate":true,"showSkybox":true,"showFlares":true,"showImageEffects":true,"showParticleSystems":true},"in2DMode":false,"pivot":{"x":28.07095718383789,"y":107.76829528808594,"z":-191.68319702148438},"rotation":{"x":0.494579553604126,"y":0.49847862124443056,"z":-0.44118407368659975,"w":0.5588083863258362},"size":21.8435001373291,"orthographic":true}