{"cameraMode":{"drawMode":0,"name":"Shaded","section":"Shading Mode"},"sceneLighting":true,"audioPlay":false,"sceneViewState":{"showFog":true,"showMaterialUpdate":true,"showSkybox":true,"showFlares":true,"showImageEffects":true,"showParticleSystems":true},"in2DMode":false,"pivot":{"x":65.8691635131836,"y":109.9981689453125,"z":-171.50827026367188},"rotation":{"x":-0.20228882133960725,"y":-0.7972279191017151,"z":0.41747647523880007,"w":-0.3862903416156769},"size":50.912872314453128,"orthographic":true}