{"cameraMode":{"drawMode":0,"name":"Shaded","section":"Shading Mode"},"sceneLighting":false,"audioPlay":false,"sceneViewState":{"showFog":true,"showMaterialUpdate":false,"showSkybox":true,"showFlares":true,"showImageEffects":true,"showParticleSystems":true},"in2DMode":false,"pivot":{"x":17.949161529541017,"y":110.64842224121094,"z":-181.34722900390626},"rotation":{"x":0.06340619921684265,"y":0.9281306862831116,"z":-0.18620964884757996,"w":0.31603655219078066},"size":1.2467397451400757,"orthographic":false}