{"cameraMode":{"drawMode":0,"name":"Shaded","section":"Shading Mode"},"sceneLighting":false,"audioPlay":false,"sceneViewState":{"showFog":true,"showMaterialUpdate":false,"showSkybox":true,"showFlares":true,"showImageEffects":true,"showParticleSystems":true},"in2DMode":false,"pivot":{"x":18.133499145507814,"y":110.38706970214844,"z":-182.7508087158203},"rotation":{"x":0.06340619921684265,"y":0.9281306862831116,"z":-0.18620964884757996,"w":0.31603655219078066},"size":1.2906664609909058,"orthographic":false}