{"cameraMode":{"drawMode":0,"name":"Shaded","section":"Shading Mode"},"sceneLighting":false,"audioPlay":false,"sceneViewState":{"showFog":true,"showMaterialUpdate":false,"showSkybox":true,"showFlares":true,"showImageEffects":true,"showParticleSystems":true},"in2DMode":false,"pivot":{"x":18.031991958618165,"y":110.37222290039063,"z":-181.91793823242188},"rotation":{"x":0.06340619921684265,"y":0.9281306862831116,"z":-0.18620964884757996,"w":0.31603655219078066},"size":1.111457109451294,"orthographic":false}