{"cameraMode":{"drawMode":0,"name":"Shaded","section":"Shading Mode"},"sceneLighting":false,"audioPlay":false,"sceneViewState":{"showFog":true,"showMaterialUpdate":false,"showSkybox":true,"showFlares":true,"showImageEffects":true,"showParticleSystems":true},"in2DMode":false,"pivot":{"x":112.20999145507813,"y":103.07484436035156,"z":-152.9400634765625},"rotation":{"x":-0.015152130275964737,"y":-0.9794010519981384,"z":0.18461309373378755,"w":-0.08038651943206787},"size":10.630590438842774,"orthographic":false}