{"cameraMode":{"drawMode":0,"name":"Shaded","section":"Shading Mode"},"sceneLighting":false,"audioPlay":false,"sceneViewState":{"showFog":true,"showMaterialUpdate":false,"showSkybox":true,"showFlares":true,"showImageEffects":true,"showParticleSystems":true},"in2DMode":false,"pivot":{"x":75.14750671386719,"y":104.27112579345703,"z":-156.1174774169922},"rotation":{"x":0.08323096483945847,"y":-0.8494689464569092,"z":0.5016067028045654,"w":0.1409461498260498},"size":11.251062393188477,"orthographic":false}