{"cameraMode":{"drawMode":0,"name":"Shaded","section":"Shading Mode"},"sceneLighting":true,"audioPlay":false,"sceneViewState":{"showFog":true,"showMaterialUpdate":true,"showSkybox":true,"showFlares":true,"showImageEffects":true,"showParticleSystems":true},"in2DMode":false,"pivot":{"x":19.147489547729493,"y":129.11328125,"z":-183.55807495117188},"rotation":{"x":0.6973642110824585,"y":0.013972570188343525,"z":-0.013600345700979233,"w":0.7164516448974609},"size":16.299755096435548,"orthographic":true}