{"cameraMode":{"drawMode":0,"name":"Shaded","section":"Shading Mode"},"sceneLighting":false,"audioPlay":false,"sceneViewState":{"showFog":true,"showMaterialUpdate":false,"showSkybox":true,"showFlares":true,"showImageEffects":true,"showParticleSystems":true},"in2DMode":false,"pivot":{"x":36.39823913574219,"y":-35.42303466796875,"z":8.35232925415039},"rotation":{"x":-0.3987344801425934,"y":-0.3870108425617218,"z":0.19068969786167146,"w":-0.8092409372329712},"size":75.49955749511719,"orthographic":false}