{"cameraMode":{"drawMode":0,"name":"Shaded","section":"Shading Mode"},"sceneLighting":true,"audioPlay":false,"sceneViewState":{"showFog":true,"showMaterialUpdate":false,"showSkybox":true,"showFlares":true,"showImageEffects":true,"showParticleSystems":true},"in2DMode":false,"pivot":{"x":2.2351741790771486e-8,"y":-0.0000013634562492370606,"z":0.8054086565971375},"rotation":{"x":0.195669025182724,"y":-0.7375649213790894,"z":0.24059124290943147,"w":0.5998563170433044},"size":2.7180824279785158,"orthographic":false}