{"cameraMode":{"drawMode":0,"name":"Shaded","section":"Shading Mode"},"sceneLighting":true,"audioPlay":false,"sceneViewState":{"showFog":true,"showMaterialUpdate":false,"showSkybox":true,"showFlares":true,"showImageEffects":true,"showParticleSystems":true},"in2DMode":false,"pivot":{"x":19.10843849182129,"y":110.22419738769531,"z":-176.1401824951172},"rotation":{"x":-0.10477928817272186,"y":-0.18383914232254029,"z":0.019709305837750436,"w":-0.9771571755409241},"size":12.265219688415528,"orthographic":false}