{"cameraMode":{"drawMode":0,"name":"Shaded","section":"Shading Mode"},"sceneLighting":true,"audioPlay":false,"sceneViewState":{"showFog":true,"showMaterialUpdate":true,"showSkybox":true,"showFlares":true,"showImageEffects":true,"showParticleSystems":true},"in2DMode":false,"pivot":{"x":26.62236785888672,"y":93.12112426757813,"z":-192.38516235351563},"rotation":{"x":0.06532569229602814,"y":0.8685507774353027,"z":-0.47663694620132449,"w":0.11903495341539383},"size":31.065519332885743,"orthographic":false}