{"cameraMode":{"drawMode":0,"name":"Shaded","section":"Shading Mode"},"sceneLighting":true,"audioPlay":false,"sceneViewState":{"showFog":true,"showMaterialUpdate":true,"showSkybox":true,"showFlares":true,"showImageEffects":true,"showParticleSystems":true},"in2DMode":false,"pivot":{"x":103.90296936035156,"y":113.60546875,"z":-157.2681884765625},"rotation":{"x":0.6973642110824585,"y":0.013972570188343525,"z":-0.013600345700979233,"w":0.7164516448974609},"size":28.523765563964845,"orthographic":true}