{"cameraMode":{"drawMode":0,"name":"Shaded","section":"Shading Mode"},"sceneLighting":true,"audioPlay":false,"sceneViewState":{"showFog":true,"showMaterialUpdate":false,"showSkybox":true,"showFlares":true,"showImageEffects":true,"showParticleSystems":true},"in2DMode":false,"pivot":{"x":8.198629379272461,"y":108.19185638427735,"z":-184.3339080810547},"rotation":{"x":-0.1807209998369217,"y":0.803498387336731,"z":-0.302723228931427,"w":-0.47967594861984255},"size":12.954599380493164,"orthographic":false}