{"cameraMode":{"drawMode":0,"name":"Shaded","section":"Shading Mode"},"sceneLighting":true,"audioPlay":false,"sceneViewState":{"showFog":true,"showMaterialUpdate":true,"showSkybox":true,"showFlares":true,"showImageEffects":true,"showParticleSystems":true},"in2DMode":false,"pivot":{"x":57.141937255859378,"y":95.1451416015625,"z":-187.16053771972657},"rotation":{"x":0.06532569229602814,"y":0.8685507774353027,"z":-0.47663694620132449,"w":0.11903495341539383},"size":25.839975357055665,"orthographic":false}