{"cameraMode":{"drawMode":0,"name":"Shaded","section":"Shading Mode"},"sceneLighting":true,"audioPlay":false,"sceneViewState":{"showFog":true,"showMaterialUpdate":false,"showSkybox":true,"showFlares":true,"showImageEffects":true,"showParticleSystems":true},"in2DMode":false,"pivot":{"x":-26.751140594482423,"y":-20.18400764465332,"z":-14.83905029296875},"rotation":{"x":0.15321408212184907,"y":-0.8202264904975891,"z":0.25805819034576418,"w":0.486990749835968},"size":40.010372161865237,"orthographic":false}