{"cameraMode":{"drawMode":0,"name":"Shaded","section":"Shading Mode"},"sceneLighting":false,"audioPlay":false,"sceneViewState":{"showFog":true,"showMaterialUpdate":false,"showSkybox":true,"showFlares":true,"showImageEffects":true,"showParticleSystems":true},"in2DMode":false,"pivot":{"x":40.715030670166019,"y":-45.695804595947269,"z":-0.5407047271728516},"rotation":{"x":-0.3817567229270935,"y":-0.4823629856109619,"z":0.2458193451166153,"w":-0.7491065859794617},"size":75.49955749511719,"orthographic":false}