{"cameraMode":{"drawMode":0,"name":"Shaded","section":"Shading Mode"},"sceneLighting":true,"audioPlay":false,"sceneViewState":{"showFog":true,"showMaterialUpdate":true,"showSkybox":true,"showFlares":true,"showImageEffects":true,"showParticleSystems":true},"in2DMode":false,"pivot":{"x":33.05862045288086,"y":113.22008514404297,"z":-177.58399963378907},"rotation":{"x":0.10509944707155228,"y":0.8694276213645935,"z":-0.43455326557159426,"w":0.21026940643787385},"size":12.716915130615235,"orthographic":false}