{"cameraMode":{"drawMode":0,"name":"Shaded","section":"Shading Mode"},"sceneLighting":true,"audioPlay":false,"sceneViewState":{"showFog":true,"showMaterialUpdate":true,"showSkybox":true,"showFlares":true,"showImageEffects":true,"showParticleSystems":true},"in2DMode":false,"pivot":{"x":31.16972541809082,"y":111.40444946289063,"z":-192.36534118652345},"rotation":{"x":0.07465190440416336,"y":-0.6765440702438355,"z":0.0692504346370697,"w":0.7293282151222229},"size":7.886653423309326,"orthographic":false}