{"cameraMode":{"drawMode":0,"name":"Shaded","section":"Shading Mode"},"sceneLighting":true,"audioPlay":false,"sceneViewState":{"showFog":true,"showMaterialUpdate":true,"showSkybox":true,"showFlares":true,"showImageEffects":true,"showParticleSystems":true},"in2DMode":false,"pivot":{"x":59.149017333984378,"y":107.45631408691406,"z":-184.21981811523438},"rotation":{"x":0.03847886621952057,"y":0.9592270851135254,"z":-0.16120421886444093,"w":0.22894534468650819},"size":12.716915130615235,"orthographic":false}