{"cameraMode":{"drawMode":0,"name":"Shaded","section":"Shading Mode"},"sceneLighting":true,"audioPlay":false,"sceneViewState":{"showFog":true,"showMaterialUpdate":true,"showSkybox":true,"showFlares":true,"showImageEffects":true,"showParticleSystems":true},"in2DMode":false,"pivot":{"x":55.199989318847659,"y":110.67385864257813,"z":-175.64898681640626},"rotation":{"x":-0.07597720623016358,"y":-0.9207912683486939,"z":0.30770012736320498,"w":-0.22735778987407685},"size":3.961601972579956,"orthographic":false}