{"cameraMode":{"drawMode":0,"name":"Shaded","section":"Shading Mode"},"sceneLighting":true,"audioPlay":false,"sceneViewState":{"showFog":true,"showMaterialUpdate":false,"showSkybox":true,"showFlares":true,"showImageEffects":true,"showParticleSystems":true},"in2DMode":false,"pivot":{"x":25.238004684448243,"y":111.58169555664063,"z":-179.6134490966797},"rotation":{"x":-0.34700748324394228,"y":-0.44318175315856936,"z":0.1912546455860138,"w":-0.8041127920150757},"size":12.363804817199707,"orthographic":true}