{"cameraMode":{"drawMode":0,"name":"Shaded","section":"Shading Mode"},"sceneLighting":false,"audioPlay":false,"sceneViewState":{"showFog":true,"showMaterialUpdate":false,"showSkybox":true,"showFlares":true,"showImageEffects":true,"showParticleSystems":true},"in2DMode":false,"pivot":{"x":85.0437240600586,"y":-28.2197265625,"z":10.003362655639649},"rotation":{"x":0.14316345751285554,"y":0.565645158290863,"z":-0.10048593580722809,"w":0.8058861494064331},"size":90.03462982177735,"orthographic":false}