{"cameraMode":{"drawMode":0,"name":"Shaded","section":"Shading Mode"},"sceneLighting":true,"audioPlay":false,"sceneViewState":{"showFog":true,"showMaterialUpdate":true,"showSkybox":true,"showFlares":true,"showImageEffects":true,"showParticleSystems":true},"in2DMode":false,"pivot":{"x":68.702880859375,"y":109.33761596679688,"z":-174.2121124267578},"rotation":{"x":-0.04647098854184151,"y":0.9244360327720642,"z":-0.3590874671936035,"w":-0.11964370310306549},"size":4.83835506439209,"orthographic":false}