{"cameraMode":{"drawMode":0,"name":"Shaded","section":"Shading Mode"},"sceneLighting":true,"audioPlay":false,"sceneViewState":{"showFog":true,"showMaterialUpdate":true,"showSkybox":true,"showFlares":true,"showImageEffects":true,"showParticleSystems":true},"in2DMode":false,"pivot":{"x":73.41106414794922,"y":105.01985168457031,"z":-153.53335571289063},"rotation":{"x":-0.037183213979005817,"y":0.8575779795646668,"z":-0.06262974441051483,"w":-0.5091709494590759},"size":5.033164024353027,"orthographic":false}