{"cameraMode":{"drawMode":0,"name":"Shaded","section":"Shading Mode"},"sceneLighting":true,"audioPlay":false,"sceneViewState":{"showFog":true,"showMaterialUpdate":true,"showSkybox":true,"showFlares":true,"showImageEffects":true,"showParticleSystems":true},"in2DMode":false,"pivot":{"x":-27.856233596801759,"y":104.39349365234375,"z":-181.3879852294922},"rotation":{"x":-0.06079680845141411,"y":0.707001268863678,"z":-0.06124311685562134,"w":-0.7019276022911072},"size":45.658485412597659,"orthographic":false}