{"cameraMode":{"drawMode":0,"name":"Shaded","section":"Shading Mode"},"sceneLighting":true,"audioPlay":false,"sceneViewState":{"showFog":true,"showMaterialUpdate":false,"showSkybox":true,"showFlares":true,"showImageEffects":true,"showParticleSystems":true},"in2DMode":false,"pivot":{"x":90.54426574707031,"y":103.5121078491211,"z":-155.2237548828125},"rotation":{"x":0.03752373531460762,"y":0.8829813599586487,"z":-0.4623855650424957,"w":0.07166307419538498},"size":11.749197959899903,"orthographic":true}