{"cameraMode":{"drawMode":0,"name":"Shaded","section":"Shading Mode"},"sceneLighting":true,"audioPlay":false,"sceneViewState":{"showFog":true,"showMaterialUpdate":true,"showSkybox":true,"showFlares":true,"showImageEffects":true,"showParticleSystems":true},"in2DMode":false,"pivot":{"x":241.6006317138672,"y":322.9167785644531,"z":0.0},"rotation":{"x":-0.08539415150880814,"y":0.008060546591877938,"z":-0.0006938676815479994,"w":-0.9963144063949585},"size":493.08770751953127,"orthographic":false}