{"cameraMode":{"drawMode":0,"name":"Shaded","section":"Shading Mode"},"sceneLighting":true,"audioPlay":false,"sceneViewState":{"showFog":true,"showMaterialUpdate":true,"showSkybox":true,"showFlares":true,"showImageEffects":true,"showParticleSystems":true},"in2DMode":false,"pivot":{"x":107.4372787475586,"y":69.05560302734375,"z":-148.20278930664063},"rotation":{"x":-0.4349951446056366,"y":-0.4733945429325104,"z":0.29056400060653689,"w":-0.708695650100708},"size":45.24443817138672,"orthographic":false}