{"cameraMode":{"drawMode":0,"name":"Shaded","section":"Shading Mode"},"sceneLighting":true,"audioPlay":false,"sceneViewState":{"showFog":true,"showMaterialUpdate":true,"showSkybox":true,"showFlares":true,"showImageEffects":true,"showParticleSystems":true},"in2DMode":false,"pivot":{"x":22.44869613647461,"y":112.6424789428711,"z":-185.6078338623047},"rotation":{"x":-0.2854447662830353,"y":0.7122551202774048,"z":-0.4182822108268738,"w":-0.48605969548225405},"size":29.07457733154297,"orthographic":false}