{"cameraMode":{"drawMode":0,"name":"Shaded","section":"Shading Mode"},"sceneLighting":false,"audioPlay":false,"sceneViewState":{"showFog":true,"showMaterialUpdate":true,"showSkybox":true,"showFlares":true,"showImageEffects":true,"showParticleSystems":true},"in2DMode":false,"pivot":{"x":22.31619644165039,"y":108.83784484863281,"z":-185.01602172851563},"rotation":{"x":0.3066973388195038,"y":0.6932615637779236,"z":-0.46518728137016299,"w":0.4570842981338501},"size":17.647016525268556,"orthographic":false}