{"cameraMode":{"drawMode":0,"name":"Shaded","section":"Shading Mode"},"sceneLighting":true,"audioPlay":false,"sceneViewState":{"showFog":true,"showMaterialUpdate":true,"showSkybox":true,"showFlares":true,"showImageEffects":true,"showParticleSystems":true},"in2DMode":false,"pivot":{"x":22.491413116455079,"y":111.32927703857422,"z":-177.1131591796875},"rotation":{"x":0.2662428915500641,"y":0.49342745542526247,"z":-0.16177186369895936,"w":0.8120799660682678},"size":20.202871322631837,"orthographic":false}