{"cameraMode":{"drawMode":0,"name":"Shaded","section":"Shading Mode"},"sceneLighting":false,"audioPlay":false,"sceneViewState":{"showFog":true,"showMaterialUpdate":true,"showSkybox":true,"showFlares":true,"showImageEffects":true,"showParticleSystems":true},"in2DMode":false,"pivot":{"x":17.472129821777345,"y":110.33580780029297,"z":-181.9417724609375},"rotation":{"x":0.6276809573173523,"y":0.0221775583922863,"z":-0.017893755808472635,"w":0.7779490351676941},"size":1.2124968767166138,"orthographic":false}