{"cameraMode":{"drawMode":0,"name":"Shaded","section":"Shading Mode"},"sceneLighting":true,"audioPlay":false,"sceneViewState":{"showFog":true,"showMaterialUpdate":true,"showSkybox":true,"showFlares":true,"showImageEffects":true,"showParticleSystems":true},"in2DMode":false,"pivot":{"x":14.246076583862305,"y":117.03416442871094,"z":-177.68849182128907},"rotation":{"x":0.09559904038906098,"y":0.8789265155792236,"z":-0.42294353246688845,"w":0.19866503775119782},"size":8.47085189819336,"orthographic":true}