{"cameraMode":{"drawMode":0,"name":"Shaded","section":"Shading Mode"},"sceneLighting":true,"audioPlay":false,"sceneViewState":{"showFog":true,"showMaterialUpdate":true,"showSkybox":true,"showFlares":true,"showImageEffects":true,"showParticleSystems":true},"in2DMode":false,"pivot":{"x":17.606340408325197,"y":108.72300720214844,"z":-181.86781311035157},"rotation":{"x":0.4823392629623413,"y":0.04332824423909187,"z":-0.023895038291811944,"w":0.8745859265327454},"size":9.383444786071778,"orthographic":true}