{"cameraMode":{"drawMode":0,"name":"Shaded","section":"Shading Mode"},"sceneLighting":false,"audioPlay":false,"sceneViewState":{"showFog":true,"showMaterialUpdate":true,"showSkybox":true,"showFlares":true,"showImageEffects":true,"showParticleSystems":true},"in2DMode":false,"pivot":{"x":147.15988159179688,"y":102.89480590820313,"z":-119.82186126708985},"rotation":{"x":0.3334807753562927,"y":0.3472866714000702,"z":-0.133701890707016,"w":0.8662022948265076},"size":8.379107475280762,"orthographic":false}