{"cameraMode":{"drawMode":0,"name":"Shaded","section":"Shading Mode"},"sceneLighting":false,"audioPlay":false,"sceneViewState":{"showFog":true,"showMaterialUpdate":true,"showSkybox":true,"showFlares":true,"showImageEffects":true,"showParticleSystems":true},"in2DMode":false,"pivot":{"x":95.399658203125,"y":32.55149841308594,"z":23.569608688354493},"rotation":{"x":-0.16024556756019593,"y":-0.7391602396965027,"z":0.1891355961561203,"w":-0.6262518167495728},"size":257.3743591308594,"orthographic":false}