{"cameraMode":{"drawMode":0,"name":"Shaded","section":"Shading Mode"},"sceneLighting":false,"audioPlay":false,"sceneViewState":{"showFog":true,"showMaterialUpdate":true,"showSkybox":true,"showFlares":true,"showImageEffects":true,"showParticleSystems":true},"in2DMode":false,"pivot":{"x":-0.4891800284385681,"y":1.4915999174118043,"z":-5.973024368286133},"rotation":{"x":0.06767630577087403,"y":0.9043592810630798,"z":-0.3912496864795685,"w":0.15645426511764527},"size":4.218090057373047,"orthographic":false}