{"cameraMode":{"drawMode":0,"name":"Shaded","section":"Shading Mode"},"sceneLighting":false,"audioPlay":false,"sceneViewState":{"showFog":true,"showMaterialUpdate":true,"showSkybox":true,"showFlares":true,"showImageEffects":true,"showParticleSystems":true},"in2DMode":false,"pivot":{"x":125.65116119384766,"y":103.37371063232422,"z":-151.6909942626953},"rotation":{"x":-0.14311495423316956,"y":-0.33981356024742129,"z":0.05241027846932411,"w":-0.9280614852905273},"size":1.3566973209381104,"orthographic":false}