{"cameraMode":{"drawMode":0,"name":"Shaded","section":"Shading Mode"},"sceneLighting":false,"audioPlay":false,"sceneViewState":{"showFog":true,"showMaterialUpdate":true,"showSkybox":true,"showFlares":true,"showImageEffects":true,"showParticleSystems":true},"in2DMode":false,"pivot":{"x":18.060022354125978,"y":110.32927703857422,"z":-182.00927734375},"rotation":{"x":0.5700108408927918,"y":-0.060257211327552798,"z":0.04197140783071518,"w":0.8183490633964539},"size":1.4114570617675782,"orthographic":false}