{"cameraMode":{"drawMode":0,"name":"Shaded","section":"Shading Mode"},"sceneLighting":false,"audioPlay":false,"sceneViewState":{"showFog":true,"showMaterialUpdate":true,"showSkybox":true,"showFlares":true,"showImageEffects":true,"showParticleSystems":true},"in2DMode":false,"pivot":{"x":23.146808624267579,"y":99.08210754394531,"z":-169.43820190429688},"rotation":{"x":0.3567180633544922,"y":0.2832857072353363,"z":-0.11446361988782883,"w":0.882836103439331},"size":22.0,"orthographic":false}