{"cameraMode":{"drawMode":0,"name":"Shaded","section":"Shading Mode"},"sceneLighting":false,"audioPlay":false,"sceneViewState":{"showFog":true,"showMaterialUpdate":true,"showSkybox":true,"showFlares":true,"showImageEffects":true,"showParticleSystems":true},"in2DMode":false,"pivot":{"x":17.88428497314453,"y":110.20510864257813,"z":-182.60256958007813},"rotation":{"x":0.5683507323265076,"y":-0.10179001092910767,"z":0.07112756371498108,"w":0.8133617043495178},"size":1.2026338577270508,"orthographic":false}