{"cameraMode":{"drawMode":0,"name":"Shaded","section":"Shading Mode"},"sceneLighting":false,"audioPlay":false,"sceneViewState":{"showFog":true,"showMaterialUpdate":true,"showSkybox":true,"showFlares":true,"showImageEffects":true,"showParticleSystems":true},"in2DMode":false,"pivot":{"x":155.65972900390626,"y":102.67377471923828,"z":-197.20639038085938},"rotation":{"x":0.06806313246488571,"y":0.7777028679847717,"z":-0.08550406992435456,"w":0.619059681892395},"size":32.84819793701172,"orthographic":false}