{"cameraMode":{"drawMode":0,"name":"Shaded","section":"Shading Mode"},"sceneLighting":false,"audioPlay":false,"sceneViewState":{"showFog":true,"showMaterialUpdate":true,"showSkybox":true,"showFlares":true,"showImageEffects":true,"showParticleSystems":true},"in2DMode":false,"pivot":{"x":23.862350463867189,"y":111.02172088623047,"z":-180.8653564453125},"rotation":{"x":0.24001695215702058,"y":0.7118815183639526,"z":-0.2876473665237427,"w":0.5940333008766174},"size":3.436988353729248,"orthographic":false}