{"cameraMode":{"drawMode":0,"name":"Shaded","section":"Shading Mode"},"sceneLighting":false,"audioPlay":false,"sceneViewState":{"showFog":true,"showMaterialUpdate":true,"showSkybox":true,"showFlares":true,"showImageEffects":true,"showParticleSystems":true},"in2DMode":false,"pivot":{"x":126.27080535888672,"y":103.27998352050781,"z":-151.01356506347657},"rotation":{"x":-0.1306801289319992,"y":-0.4089479148387909,"z":0.05930843576788902,"w":-0.9012030363082886},"size":1.6566972732543946,"orthographic":false}