{"cameraMode":{"drawMode":0,"name":"Shaded","section":"Shading Mode"},"sceneLighting":false,"audioPlay":false,"sceneViewState":{"showFog":true,"showMaterialUpdate":true,"showSkybox":true,"showFlares":true,"showImageEffects":true,"showParticleSystems":true},"in2DMode":false,"pivot":{"x":20.216533660888673,"y":116.03814697265625,"z":-195.58970642089845},"rotation":{"x":0.32921725511550906,"y":-0.2154652178287506,"z":0.07743453234434128,"w":0.9160756468772888},"size":5.76501989364624,"orthographic":false}