{"cameraMode":{"drawMode":0,"name":"Shaded","section":"Shading Mode"},"sceneLighting":false,"audioPlay":false,"sceneViewState":{"showFog":true,"showMaterialUpdate":true,"showSkybox":true,"showFlares":true,"showImageEffects":true,"showParticleSystems":true},"in2DMode":false,"pivot":{"x":126.66475677490235,"y":102.84818267822266,"z":-150.8422393798828},"rotation":{"x":-0.20917043089866639,"y":-0.5473597049713135,"z":0.14356905221939088,"w":-0.7975168228149414},"size":1.5843663215637208,"orthographic":false}