{"cameraMode":{"drawMode":0,"name":"Shaded","section":"Shading Mode"},"sceneLighting":false,"audioPlay":false,"sceneViewState":{"showFog":true,"showMaterialUpdate":true,"showSkybox":true,"showFlares":true,"showImageEffects":true,"showParticleSystems":true},"in2DMode":false,"pivot":{"x":34.721534729003909,"y":110.20559692382813,"z":-180.07313537597657},"rotation":{"x":0.1883748173713684,"y":0.6642023921012878,"z":-0.17847879230976106,"w":0.7010673880577087},"size":2.2045328617095949,"orthographic":false}