{"cameraMode":{"drawMode":0,"name":"Shaded","section":"Shading Mode"},"sceneLighting":true,"audioPlay":false,"sceneViewState":{"showFog":true,"showMaterialUpdate":true,"showSkybox":true,"showFlares":true,"showImageEffects":true,"showParticleSystems":true},"in2DMode":false,"pivot":{"x":-84.67437744140625,"y":7.569766998291016,"z":28.786415100097658},"rotation":{"x":0.08667302876710892,"y":-0.9116683006286621,"z":0.25378504395484927,"w":0.31135502457618716},"size":41.81084060668945,"orthographic":false}