{"cameraMode":{"drawMode":0,"name":"Shaded","section":"Shading Mode"},"sceneLighting":false,"audioPlay":false,"sceneViewState":{"showFog":true,"showMaterialUpdate":true,"showSkybox":true,"showFlares":true,"showImageEffects":true,"showParticleSystems":true},"in2DMode":false,"pivot":{"x":18.107070922851564,"y":109.88330078125,"z":-182.95648193359376},"rotation":{"x":0.5859670042991638,"y":-0.02430068701505661,"z":0.017584282904863359,"w":0.8097795844078064},"size":1.8906664848327637,"orthographic":false}