{"cameraMode":{"drawMode":0,"name":"Shaded","section":"Shading Mode"},"sceneLighting":false,"audioPlay":false,"sceneViewState":{"showFog":true,"showMaterialUpdate":true,"showSkybox":true,"showFlares":true,"showImageEffects":true,"showParticleSystems":true},"in2DMode":false,"pivot":{"x":29.564966201782228,"y":114.29613494873047,"z":-178.998046875},"rotation":{"x":0.4902520477771759,"y":0.1197955459356308,"z":-0.06824143975973129,"w":0.860607385635376},"size":20.209651947021486,"orthographic":false}