{"cameraMode":{"drawMode":0,"name":"Shaded","section":"Shading Mode"},"sceneLighting":false,"audioPlay":false,"sceneViewState":{"showFog":true,"showMaterialUpdate":true,"showSkybox":true,"showFlares":true,"showImageEffects":true,"showParticleSystems":true},"in2DMode":false,"pivot":{"x":151.0227508544922,"y":100.04264831542969,"z":-149.59437561035157},"rotation":{"x":0.254673570394516,"y":-0.3424605131149292,"z":0.09699118882417679,"w":0.8991411924362183},"size":9.482540130615235,"orthographic":false}