{"cameraMode":{"drawMode":0,"name":"Shaded","section":"Shading Mode"},"sceneLighting":false,"audioPlay":false,"sceneViewState":{"showFog":true,"showMaterialUpdate":true,"showSkybox":true,"showFlares":true,"showImageEffects":true,"showParticleSystems":true},"in2DMode":false,"pivot":{"x":94.26286315917969,"y":103.1589584350586,"z":-148.0800323486328},"rotation":{"x":-0.2551631033420563,"y":-0.4459756910800934,"z":0.13430990278720857,"w":-0.8473242521286011},"size":1.0796585083007813,"orthographic":false}