{"cameraMode":{"drawMode":0,"name":"Shaded","section":"Shading Mode"},"sceneLighting":false,"audioPlay":false,"sceneViewState":{"showFog":true,"showMaterialUpdate":true,"showSkybox":true,"showFlares":true,"showImageEffects":true,"showParticleSystems":true},"in2DMode":false,"pivot":{"x":-5.552393436431885,"y":113.0517349243164,"z":-167.80987548828126},"rotation":{"x":0.4902520477771759,"y":0.1197955459356308,"z":-0.06824143975973129,"w":0.860607385635376},"size":17.679237365722658,"orthographic":false}