{"cameraMode":{"drawMode":0,"name":"Shaded","section":"Shading Mode"},"sceneLighting":false,"audioPlay":false,"sceneViewState":{"showFog":true,"showMaterialUpdate":true,"showSkybox":true,"showFlares":true,"showImageEffects":true,"showParticleSystems":true},"in2DMode":false,"pivot":{"x":29.497711181640626,"y":95.69084167480469,"z":-178.21286010742188},"rotation":{"x":0.32257315516471865,"y":0.41095879673957827,"z":-0.15821458399295808,"w":0.8378708958625794},"size":28.401939392089845,"orthographic":false}