{"cameraMode":{"drawMode":0,"name":"Shaded","section":"Shading Mode"},"sceneLighting":true,"audioPlay":false,"sceneViewState":{"showFog":true,"showMaterialUpdate":true,"showSkybox":true,"showFlares":true,"showImageEffects":true,"showParticleSystems":true},"in2DMode":false,"pivot":{"x":18.2294921875,"y":114.41455078125,"z":-179.7451171875},"rotation":{"x":0.18372759222984315,"y":0.1117919459939003,"z":-0.021035639569163324,"w":0.9763730764389038},"size":10.773385047912598,"orthographic":true}