{"cameraMode":{"drawMode":0,"name":"Shaded","section":"Shading Mode"},"sceneLighting":false,"audioPlay":false,"sceneViewState":{"showFog":true,"showMaterialUpdate":true,"showSkybox":true,"showFlares":true,"showImageEffects":true,"showParticleSystems":true},"in2DMode":false,"pivot":{"x":191.46876525878907,"y":103.12393951416016,"z":-127.82341766357422},"rotation":{"x":0.05306299775838852,"y":0.1831805557012558,"z":-0.009901592507958413,"w":0.9815962314605713},"size":27.582874298095704,"orthographic":false}