{"cameraMode":{"drawMode":0,"name":"Shaded","section":"Shading Mode"},"sceneLighting":false,"audioPlay":false,"sceneViewState":{"showFog":true,"showMaterialUpdate":true,"showSkybox":true,"showFlares":true,"showImageEffects":true,"showParticleSystems":true},"in2DMode":false,"pivot":{"x":34.0728874206543,"y":111.7451400756836,"z":-167.9248504638672},"rotation":{"x":0.19406016170978547,"y":0.508152186870575,"z":-0.11871249973773956,"w":0.8306800127029419},"size":4.660395622253418,"orthographic":false}