{"cameraMode":{"drawMode":0,"name":"Shaded","section":"Shading Mode"},"sceneLighting":true,"audioPlay":false,"sceneViewState":{"showFog":true,"showMaterialUpdate":true,"showSkybox":true,"showFlares":true,"showImageEffects":true,"showParticleSystems":true},"in2DMode":false,"pivot":{"x":20.273860931396486,"y":103.29597473144531,"z":-184.0147247314453},"rotation":{"x":-0.4543488323688507,"y":-0.051773760467767718,"z":0.026471003890037538,"w":-0.8889240622520447},"size":28.596595764160158,"orthographic":false}