{"cameraMode":{"drawMode":0,"name":"Shaded","section":"Shading Mode"},"sceneLighting":true,"audioPlay":false,"sceneViewState":{"showFog":true,"showMaterialUpdate":true,"showSkybox":true,"showFlares":true,"showImageEffects":true,"showParticleSystems":true},"in2DMode":false,"pivot":{"x":14.252941131591797,"y":109.53394317626953,"z":-189.04437255859376},"rotation":{"x":0.46512317657470705,"y":-0.055428002029657367,"z":0.029198164120316507,"w":0.8830264806747437},"size":18.35067367553711,"orthographic":false}